<?xml version="1.0" encoding="UTF-8"?>
<Usuarios xmlns:xsi="http://www.w3.org/2001/XMLSchema-instance"
xsi:noNamespaceSchemaLocation="usuario.xsd">
   <Usuario id="1">
      <Nombre>Alberto</Nombre>
   </Usuario>
   <Usuario id="2">
      <Nombre>Alejandro</Nombre>
   </Usuario>
   <Usuario id="3">
      <Nombre>Blanca</Nombre>
   </Usuario>
   <Usuario id="4">
      <Nombre>Carlota</Nombre>
   </Usuario>
   <Usuario id="5">
      <Nombre>Emilio</Nombre>
   </Usuario>
   <Usuario id="6">
      <Nombre>Héctor</Nombre>
   </Usuario>
   <Usuario id="7">
      <Nombre>Irene</Nombre>
   </Usuario>
   <Usuario id="8">
      <Nombre>Luis</Nombre>
   </Usuario>
   <Usuario id="9">
      <Nombre>Sandro</Nombre>
   </Usuario>
   <Usuario id="10">
      <Nombre>Verónica</Nombre>
   </Usuario>
</Usuarios>
