<?xml version="1.0" encoding="UTF-8" standalone="yes"?>
<DatabaseModel VersionId="2.4">
    <Name></Name>
    <Description></Description>
    <DatabaseEngine>
        <Name>sqlite</Name>
        <Version>3.x</Version>
    </DatabaseEngine>
    <Counters>
        <Counter>
            <Name>table</Name>
            <Value>16</Value>
            <Prefix>t</Prefix>
        </Counter>
        <Counter>
            <Name>external_table</Name>
            <Value>0</Value>
            <Prefix>et</Prefix>
        </Counter>
        <Counter>
            <Name>column</Name>
            <Value>91</Value>
            <Prefix>c</Prefix>
        </Counter>
        <Counter>
            <Name>external_table_column</Name>
            <Value>0</Value>
            <Prefix>etc</Prefix>
        </Counter>
        <Counter>
            <Name>index</Name>
            <Value>0</Value>
            <Prefix>i</Prefix>
        </Counter>
        <Counter>
            <Name>reference</Name>
            <Value>33</Value>
            <Prefix>r</Prefix>
        </Counter>
        <Counter>
            <Name>table_check</Name>
            <Value>0</Value>
            <Prefix>tc</Prefix>
        </Counter>
        <Counter>
            <Name>alternate_key</Name>
            <Value>1</Value>
            <Prefix>a</Prefix>
        </Counter>
        <Counter>
            <Name>sequence</Name>
            <Value>0</Value>
            <Prefix>s</Prefix>
        </Counter>
        <Counter>
            <Name>note</Name>
            <Value>0</Value>
            <Prefix>n</Prefix>
        </Counter>
        <Counter>
            <Name>view</Name>
            <Value>0</Value>
            <Prefix>v</Prefix>
        </Counter>
        <Counter>
            <Name>view_column</Name>
            <Value>0</Value>
            <Prefix>vc</Prefix>
        </Counter>
        <Counter>
            <Name>materialized_view</Name>
            <Value>0</Value>
            <Prefix>mv</Prefix>
        </Counter>
        <Counter>
            <Name>materialized_view_column</Name>
            <Value>0</Value>
            <Prefix>mvc</Prefix>
        </Counter>
        <Counter>
            <Name>area</Name>
            <Value>0</Value>
            <Prefix>ar</Prefix>
        </Counter>
        <Counter>
            <Name>text</Name>
            <Value>0</Value>
            <Prefix>tx</Prefix>
        </Counter>
        <Counter>
            <Name>tableDisplay</Name>
            <Value>29</Value>
            <Prefix>td</Prefix>
        </Counter>
        <Counter>
            <Name>externalTableDisplay</Name>
            <Value>0</Value>
            <Prefix>etd</Prefix>
        </Counter>
        <Counter>
            <Name>viewDisplay</Name>
            <Value>0</Value>
            <Prefix>vd</Prefix>
        </Counter>
        <Counter>
            <Name>materializedViewDisplay</Name>
            <Value>0</Value>
            <Prefix>mvd</Prefix>
        </Counter>
        <Counter>
            <Name>referenceDisplay</Name>
            <Value>33</Value>
            <Prefix>rd</Prefix>
        </Counter>
    </Counters>
    <AdditionalSQLBeforeCreate></AdditionalSQLBeforeCreate>
    <AdditionalSQLAfterCreate></AdditionalSQLAfterCreate>
    <AdditionalSQLBeforeDrop></AdditionalSQLBeforeDrop>
    <AdditionalSQLAfterDrop></AdditionalSQLAfterDrop>
    <Tables>
        <Table Id="t1">
            <Name>Jugador</Name>
            <Description></Description>
            <Columns>
                <Column Id="c1">
                    <Name>ID_Jugador</Name>
                    <Type>integer</Type>
                    <Description></Description>
                    <Nullable>false</Nullable>
                    <DefaultValue></DefaultValue>
                    <CheckExpression></CheckExpression>
                    <Properties/>
                </Column>
                <Column Id="c2">
                    <Name>Puntos_corazon</Name>
                    <Type>integer</Type>
                    <Description></Description>
                    <Nullable>false</Nullable>
                    <DefaultValue></DefaultValue>
                    <CheckExpression></CheckExpression>
                    <Properties/>
                </Column>
                <Column Id="c3">
                    <Name>Puntos_flor</Name>
                    <Type>integer</Type>
                    <Description></Description>
                    <Nullable>false</Nullable>
                    <DefaultValue></DefaultValue>
                    <CheckExpression></CheckExpression>
                    <Properties/>
                </Column>
                <Column Id="c4">
                    <Name>Monedas</Name>
                    <Type>integer</Type>
                    <Description></Description>
                    <Nullable>false</Nullable>
                    <DefaultValue></DefaultValue>
                    <CheckExpression></CheckExpression>
                    <Properties/>
                </Column>
                <Column Id="c5">
                    <Name>Personaje_activo</Name>
                    <Type>varchar(20)</Type>
                    <Description></Description>
                    <Nullable>false</Nullable>
                    <DefaultValue></DefaultValue>
                    <CheckExpression></CheckExpression>
                    <Properties/>
                </Column>
                <Column Id="c7">
                    <Name>Estado</Name>
                    <Type>integer</Type>
                    <Description></Description>
                    <Nullable>false</Nullable>
                    <DefaultValue></DefaultValue>
                    <CheckExpression></CheckExpression>
                    <Properties/>
                </Column>
                <Column Id="c8">
                    <Name>PE</Name>
                    <Type>integer</Type>
                    <Description></Description>
                    <Nullable>false</Nullable>
                    <DefaultValue></DefaultValue>
                    <CheckExpression></CheckExpression>
                    <Properties/>
                </Column>
                <Column Id="c10">
                    <Name>Items</Name>
                    <Type>varchar(20)</Type>
                    <Description></Description>
                    <Nullable>false</Nullable>
                    <DefaultValue></DefaultValue>
                    <CheckExpression></CheckExpression>
                    <Properties/>
                </Column>
                <Column Id="c45">
                    <Name>medalla_Nombre</Name>
                    <Type>varchar(20)</Type>
                    <Description></Description>
                    <Nullable>false</Nullable>
                    <DefaultValue></DefaultValue>
                    <CheckExpression></CheckExpression>
                    <Properties/>
                </Column>
                <Column Id="c52">
                    <Name>Hab_Estrella</Name>
                    <Type>varchar(20)</Type>
                    <Description></Description>
                    <Nullable>false</Nullable>
                    <DefaultValue></DefaultValue>
                    <CheckExpression></CheckExpression>
                    <Properties/>
                </Column>
                <Column Id="c61">
                    <Name>Personaje</Name>
                    <Type>varchar(20)</Type>
                    <Description></Description>
                    <Nullable>false</Nullable>
                    <DefaultValue></DefaultValue>
                    <CheckExpression></CheckExpression>
                    <Properties/>
                </Column>
            </Columns>
            <PrimaryKey>
                <Name>Jugador (Mario)_pk</Name>
                <Columns>
                    <Column>c1</Column>
                </Columns>
            </PrimaryKey>
            <AlternateKeys/>
            <Indexes/>
            <TableChecks/>
            <AdditionalSQLBefore></AdditionalSQLBefore>
            <AdditionalSQLAfter></AdditionalSQLAfter>
            <Properties/>
        </Table>
        <Table Id="t2">
            <Name>Personaje</Name>
            <Description></Description>
            <Columns>
                <Column Id="c11">
                    <Name>Nombre</Name>
                    <Type>varchar(20)</Type>
                    <Description></Description>
                    <Nullable>false</Nullable>
                    <DefaultValue></DefaultValue>
                    <CheckExpression></CheckExpression>
                    <Properties/>
                </Column>
                <Column Id="c13">
                    <Name>PC</Name>
                    <Type>integer</Type>
                    <Description></Description>
                    <Nullable>false</Nullable>
                    <DefaultValue></DefaultValue>
                    <CheckExpression></CheckExpression>
                    <Properties/>
                </Column>
                <Column Id="c14">
                    <Name>PF</Name>
                    <Type>integer</Type>
                    <Description></Description>
                    <Nullable>false</Nullable>
                    <DefaultValue></DefaultValue>
                    <CheckExpression></CheckExpression>
                    <Properties/>
                </Column>
                <Column Id="c50">
                    <Name>Procedencia</Name>
                    <Type>varchar(20)</Type>
                    <Description></Description>
                    <Nullable>false</Nullable>
                    <DefaultValue></DefaultValue>
                    <CheckExpression></CheckExpression>
                    <Properties/>
                </Column>
            </Columns>
            <PrimaryKey>
                <Name>Personaje_pk</Name>
                <Columns>
                    <Column>c11</Column>
                </Columns>
            </PrimaryKey>
            <AlternateKeys/>
            <Indexes/>
            <TableChecks/>
            <AdditionalSQLBefore></AdditionalSQLBefore>
            <AdditionalSQLAfter></AdditionalSQLAfter>
            <Properties/>
        </Table>
        <Table Id="t3">
            <Name>Habilidad</Name>
            <Description></Description>
            <Columns>
                <Column Id="c69">
                    <Name>Nombre</Name>
                    <Type>varchar(20)</Type>
                    <Description></Description>
                    <Nullable>false</Nullable>
                    <DefaultValue></DefaultValue>
                    <CheckExpression></CheckExpression>
                    <Properties/>
                </Column>
                <Column Id="c16">
                    <Name>Coste_PF</Name>
                    <Type>integer</Type>
                    <Description></Description>
                    <Nullable>false</Nullable>
                    <DefaultValue></DefaultValue>
                    <CheckExpression></CheckExpression>
                    <Properties/>
                </Column>
                <Column Id="c17">
                    <Name>Indice_ataque</Name>
                    <Type>integer</Type>
                    <Description></Description>
                    <Nullable>false</Nullable>
                    <DefaultValue></DefaultValue>
                    <CheckExpression></CheckExpression>
                    <Properties/>
                </Column>
                <Column Id="c18">
                    <Name>Indice_defensa</Name>
                    <Type>integer</Type>
                    <Description></Description>
                    <Nullable>false</Nullable>
                    <DefaultValue></DefaultValue>
                    <CheckExpression></CheckExpression>
                    <Properties/>
                </Column>
                <Column Id="c70">
                    <Name>Personaje_Nombre</Name>
                    <Type>varchar(20)</Type>
                    <Description></Description>
                    <Nullable>false</Nullable>
                    <DefaultValue></DefaultValue>
                    <CheckExpression></CheckExpression>
                    <Properties/>
                </Column>
            </Columns>
            <PrimaryKey>
                <Name>Habilidad_pk</Name>
                <Columns>
                    <Column>c69</Column>
                </Columns>
            </PrimaryKey>
            <AlternateKeys/>
            <Indexes/>
            <TableChecks/>
            <AdditionalSQLBefore></AdditionalSQLBefore>
            <AdditionalSQLAfter></AdditionalSQLAfter>
            <Properties/>
        </Table>
        <Table Id="t4">
            <Name>Lugar_Zona</Name>
            <Description></Description>
            <Columns>
                <Column Id="c19">
                    <Name>Nombre</Name>
                    <Type>varchar(20)</Type>
                    <Description></Description>
                    <Nullable>false</Nullable>
                    <DefaultValue></DefaultValue>
                    <CheckExpression></CheckExpression>
                    <Properties/>
                </Column>
                <Column Id="c20">
                    <Name>NPCs</Name>
                    <Type>integer</Type>
                    <Description></Description>
                    <Nullable>false</Nullable>
                    <DefaultValue></DefaultValue>
                    <CheckExpression></CheckExpression>
                    <Properties/>
                </Column>
                <Column Id="c21">
                    <Name>Enemigos</Name>
                    <Type>integer</Type>
                    <Description></Description>
                    <Nullable>false</Nullable>
                    <DefaultValue></DefaultValue>
                    <CheckExpression></CheckExpression>
                    <Properties/>
                </Column>
            </Columns>
            <PrimaryKey>
                <Name>Lugar/Zona_pk</Name>
                <Columns>
                    <Column>c19</Column>
                </Columns>
            </PrimaryKey>
            <AlternateKeys/>
            <Indexes/>
            <TableChecks/>
            <AdditionalSQLBefore></AdditionalSQLBefore>
            <AdditionalSQLAfter></AdditionalSQLAfter>
            <Properties/>
        </Table>
        <Table Id="t5">
            <Name>Hab_Estrella</Name>
            <Description></Description>
            <Columns>
                <Column Id="c72">
                    <Name>Nombre</Name>
                    <Type>varchar(20)</Type>
                    <Description></Description>
                    <Nullable>false</Nullable>
                    <DefaultValue></DefaultValue>
                    <CheckExpression></CheckExpression>
                    <Properties/>
                </Column>
                <Column Id="c23">
                    <Name>Coste_PE</Name>
                    <Type>integer</Type>
                    <Description></Description>
                    <Nullable>false</Nullable>
                    <DefaultValue></DefaultValue>
                    <CheckExpression></CheckExpression>
                    <Properties/>
                </Column>
                <Column Id="c24">
                    <Name>Descripcion</Name>
                    <Type>varchar(100)</Type>
                    <Description></Description>
                    <Nullable>false</Nullable>
                    <DefaultValue></DefaultValue>
                    <CheckExpression></CheckExpression>
                    <Properties/>
                </Column>
                <Column Id="c73">
                    <Name>Jugador_ID_Jugador</Name>
                    <Type>integer</Type>
                    <Description></Description>
                    <Nullable>false</Nullable>
                    <DefaultValue></DefaultValue>
                    <CheckExpression></CheckExpression>
                    <Properties/>
                </Column>
            </Columns>
            <PrimaryKey>
                <Name>Hab. Estrella_pk</Name>
                <Columns>
                    <Column>c72</Column>
                </Columns>
            </PrimaryKey>
            <AlternateKeys/>
            <Indexes/>
            <TableChecks/>
            <AdditionalSQLBefore></AdditionalSQLBefore>
            <AdditionalSQLAfter></AdditionalSQLAfter>
            <Properties/>
        </Table>
        <Table Id="t6">
            <Name>items</Name>
            <Description></Description>
            <Columns>
                <Column Id="c25">
                    <Name>Nombre</Name>
                    <Type>varchar(20)</Type>
                    <Description></Description>
                    <Nullable>false</Nullable>
                    <DefaultValue></DefaultValue>
                    <CheckExpression></CheckExpression>
                    <Properties/>
                </Column>
                <Column Id="c62">
                    <Name>Descripcion</Name>
                    <Type>varchar(100)</Type>
                    <Description></Description>
                    <Nullable>false</Nullable>
                    <DefaultValue></DefaultValue>
                    <CheckExpression></CheckExpression>
                    <Properties/>
                </Column>
            </Columns>
            <PrimaryKey>
                <Name>items_pk</Name>
                <Columns>
                    <Column>c25</Column>
                </Columns>
            </PrimaryKey>
            <AlternateKeys/>
            <Indexes/>
            <TableChecks/>
            <AdditionalSQLBefore></AdditionalSQLBefore>
            <AdditionalSQLAfter></AdditionalSQLAfter>
            <Properties/>
        </Table>
        <Table Id="t7">
            <Name>medalla</Name>
            <Description></Description>
            <Columns>
                <Column Id="c81">
                    <Name>Nombre</Name>
                    <Type>varchar(20)</Type>
                    <Description></Description>
                    <Nullable>false</Nullable>
                    <DefaultValue></DefaultValue>
                    <CheckExpression></CheckExpression>
                    <Properties/>
                </Column>
                <Column Id="c27">
                    <Name>Coste_PM</Name>
                    <Type>integer</Type>
                    <Description></Description>
                    <Nullable>false</Nullable>
                    <DefaultValue></DefaultValue>
                    <CheckExpression></CheckExpression>
                    <Properties/>
                </Column>
                <Column Id="c28">
                    <Name>Atributos</Name>
                    <Type>integer</Type>
                    <Description></Description>
                    <Nullable>false</Nullable>
                    <DefaultValue></DefaultValue>
                    <CheckExpression></CheckExpression>
                    <Properties/>
                </Column>
                <Column Id="c29">
                    <Name>Descripcion</Name>
                    <Type>varchar(100)</Type>
                    <Description></Description>
                    <Nullable>false</Nullable>
                    <DefaultValue></DefaultValue>
                    <CheckExpression></CheckExpression>
                    <Properties/>
                </Column>
                <Column Id="c82">
                    <Name>Jugador_ID_Jugador</Name>
                    <Type>integer</Type>
                    <Description></Description>
                    <Nullable>false</Nullable>
                    <DefaultValue></DefaultValue>
                    <CheckExpression></CheckExpression>
                    <Properties/>
                </Column>
            </Columns>
            <PrimaryKey>
                <Name></Name>
                <Columns>
                    <Column>c81</Column>
                </Columns>
            </PrimaryKey>
            <AlternateKeys/>
            <Indexes/>
            <TableChecks/>
            <AdditionalSQLBefore></AdditionalSQLBefore>
            <AdditionalSQLAfter></AdditionalSQLAfter>
            <Properties/>
        </Table>
        <Table Id="t8">
            <Name>enemigo</Name>
            <Description></Description>
            <Columns>
                <Column Id="c30">
                    <Name>ID_Enemigo</Name>
                    <Type>integer</Type>
                    <Description></Description>
                    <Nullable>false</Nullable>
                    <DefaultValue></DefaultValue>
                    <CheckExpression></CheckExpression>
                    <Properties/>
                </Column>
                <Column Id="c31">
                    <Name>Nombre</Name>
                    <Type>varchar(20)</Type>
                    <Description></Description>
                    <Nullable>false</Nullable>
                    <DefaultValue></DefaultValue>
                    <CheckExpression></CheckExpression>
                    <Properties/>
                </Column>
                <Column Id="c32">
                    <Name>Region</Name>
                    <Type>varchar(20)</Type>
                    <Description></Description>
                    <Nullable>false</Nullable>
                    <DefaultValue></DefaultValue>
                    <CheckExpression></CheckExpression>
                    <Properties/>
                </Column>
                <Column Id="c33">
                    <Name>Puntos_ataque</Name>
                    <Type>integer</Type>
                    <Description></Description>
                    <Nullable>false</Nullable>
                    <DefaultValue></DefaultValue>
                    <CheckExpression></CheckExpression>
                    <Properties/>
                </Column>
                <Column Id="c34">
                    <Name>Puntos_defensa</Name>
                    <Type>integer</Type>
                    <Description></Description>
                    <Nullable>false</Nullable>
                    <DefaultValue></DefaultValue>
                    <CheckExpression></CheckExpression>
                    <Properties/>
                </Column>
                <Column Id="c35">
                    <Name>Vida_PC</Name>
                    <Type>integer</Type>
                    <Description></Description>
                    <Nullable>false</Nullable>
                    <DefaultValue></DefaultValue>
                    <CheckExpression></CheckExpression>
                    <Properties/>
                </Column>
                <Column Id="c36">
                    <Name>Vuela</Name>
                    <Type>boolean</Type>
                    <Description></Description>
                    <Nullable>false</Nullable>
                    <DefaultValue></DefaultValue>
                    <CheckExpression></CheckExpression>
                    <Properties/>
                </Column>
                <Column Id="c37">
                    <Name>Tiene_pincho</Name>
                    <Type>boolean</Type>
                    <Description></Description>
                    <Nullable>false</Nullable>
                    <DefaultValue></DefaultValue>
                    <CheckExpression></CheckExpression>
                    <Properties/>
                </Column>
                <Column Id="c38">
                    <Name>Tiene_caparazon</Name>
                    <Type>boolean</Type>
                    <Description></Description>
                    <Nullable>false</Nullable>
                    <DefaultValue></DefaultValue>
                    <CheckExpression></CheckExpression>
                    <Properties/>
                </Column>
                <Column Id="c80">
                    <Name>Es_Boss</Name>
                    <Type>boolean</Type>
                    <Description></Description>
                    <Nullable>false</Nullable>
                    <DefaultValue></DefaultValue>
                    <CheckExpression></CheckExpression>
                    <Properties/>
                </Column>
            </Columns>
            <PrimaryKey>
                <Name>enemigo_pk</Name>
                <Columns>
                    <Column>c30</Column>
                </Columns>
            </PrimaryKey>
            <AlternateKeys/>
            <Indexes/>
            <TableChecks/>
            <AdditionalSQLBefore></AdditionalSQLBefore>
            <AdditionalSQLAfter></AdditionalSQLAfter>
            <Properties/>
        </Table>
        <Table Id="t10">
            <Name>Jugador_items</Name>
            <Description></Description>
            <Columns>
                <Column Id="c40">
                    <Name>Jugador_ID_Jugador</Name>
                    <Type>integer</Type>
                    <Description></Description>
                    <Nullable>false</Nullable>
                    <DefaultValue></DefaultValue>
                    <CheckExpression></CheckExpression>
                    <Properties/>
                </Column>
                <Column Id="c41">
                    <Name>items_Nombre</Name>
                    <Type>varchar(20)</Type>
                    <Description></Description>
                    <Nullable>false</Nullable>
                    <DefaultValue></DefaultValue>
                    <CheckExpression></CheckExpression>
                    <Properties/>
                </Column>
                <Column Id="c71">
                    <Name>num_Items</Name>
                    <Type>integer</Type>
                    <Description></Description>
                    <Nullable>false</Nullable>
                    <DefaultValue></DefaultValue>
                    <CheckExpression></CheckExpression>
                    <Properties/>
                </Column>
            </Columns>
            <PrimaryKey>
                <Name>Jugador (Mario)_items_pk</Name>
                <Columns>
                    <Column>c40</Column>
                    <Column>c41</Column>
                </Columns>
            </PrimaryKey>
            <AlternateKeys/>
            <Indexes/>
            <TableChecks/>
            <AdditionalSQLBefore></AdditionalSQLBefore>
            <AdditionalSQLAfter></AdditionalSQLAfter>
            <Properties/>
        </Table>
        <Table Id="t11">
            <Name>Lugar_Zona_enemigo</Name>
            <Description></Description>
            <Columns>
                <Column Id="c42">
                    <Name>Lugar_Zona_Nombre</Name>
                    <Type>varchar(20)</Type>
                    <Description></Description>
                    <Nullable>false</Nullable>
                    <DefaultValue></DefaultValue>
                    <CheckExpression></CheckExpression>
                    <Properties/>
                </Column>
                <Column Id="c43">
                    <Name>enemigo_ID_Enemigo</Name>
                    <Type>integer</Type>
                    <Description></Description>
                    <Nullable>false</Nullable>
                    <DefaultValue></DefaultValue>
                    <CheckExpression></CheckExpression>
                    <Properties/>
                </Column>
            </Columns>
            <PrimaryKey>
                <Name>Lugar/Zona_enemigo_pk</Name>
                <Columns>
                    <Column>c42</Column>
                    <Column>c43</Column>
                </Columns>
            </PrimaryKey>
            <AlternateKeys/>
            <Indexes/>
            <TableChecks/>
            <AdditionalSQLBefore></AdditionalSQLBefore>
            <AdditionalSQLAfter></AdditionalSQLAfter>
            <Properties/>
        </Table>
        <Table Id="t13">
            <Name>Partida</Name>
            <Description></Description>
            <Columns>
                <Column Id="c64">
                    <Name>Nombre</Name>
                    <Type>integer</Type>
                    <Description></Description>
                    <Nullable>false</Nullable>
                    <DefaultValue></DefaultValue>
                    <CheckExpression></CheckExpression>
                    <Properties/>
                </Column>
                <Column Id="c65">
                    <Name>Horas_jugadas</Name>
                    <Type>integer</Type>
                    <Description></Description>
                    <Nullable>false</Nullable>
                    <DefaultValue></DefaultValue>
                    <CheckExpression></CheckExpression>
                    <Properties/>
                </Column>
                <Column Id="c85">
                    <Name>Usuario_ID_Usuario</Name>
                    <Type>varchar(20)</Type>
                    <Description></Description>
                    <Nullable>false</Nullable>
                    <DefaultValue></DefaultValue>
                    <CheckExpression></CheckExpression>
                    <Properties/>
                </Column>
                <Column Id="c91">
                    <Name>Jugador_ID_Jugador</Name>
                    <Type>integer</Type>
                    <Description></Description>
                    <Nullable>false</Nullable>
                    <DefaultValue></DefaultValue>
                    <CheckExpression></CheckExpression>
                    <Properties/>
                </Column>
            </Columns>
            <PrimaryKey>
                <Name>ID_archivo</Name>
                <Columns>
                    <Column>c64</Column>
                </Columns>
            </PrimaryKey>
            <AlternateKeys/>
            <Indexes/>
            <TableChecks/>
            <AdditionalSQLBefore></AdditionalSQLBefore>
            <AdditionalSQLAfter></AdditionalSQLAfter>
            <Properties/>
        </Table>
        <Table Id="t15">
            <Name>Batalla</Name>
            <Description></Description>
            <Columns>
                <Column Id="c78">
                    <Name>enemigo_ID_Enemigo</Name>
                    <Type>integer</Type>
                    <Description></Description>
                    <Nullable>false</Nullable>
                    <DefaultValue></DefaultValue>
                    <CheckExpression></CheckExpression>
                    <Properties/>
                </Column>
                <Column Id="c79">
                    <Name>Jugador_ID_Jugador</Name>
                    <Type>integer</Type>
                    <Description></Description>
                    <Nullable>false</Nullable>
                    <DefaultValue></DefaultValue>
                    <CheckExpression></CheckExpression>
                    <Properties/>
                </Column>
                <Column Id="c75">
                    <Name>num_Turnos</Name>
                    <Type>integer</Type>
                    <Description></Description>
                    <Nullable>false</Nullable>
                    <DefaultValue></DefaultValue>
                    <CheckExpression></CheckExpression>
                    <Properties/>
                </Column>
                <Column Id="c77">
                    <Name>num_Ayudantes</Name>
                    <Type>integer</Type>
                    <Description></Description>
                    <Nullable>false</Nullable>
                    <DefaultValue></DefaultValue>
                    <CheckExpression></CheckExpression>
                    <Properties/>
                </Column>
            </Columns>
            <PrimaryKey>
                <Name></Name>
                <Columns>
                    <Column>c79</Column>
                    <Column>c78</Column>
                </Columns>
            </PrimaryKey>
            <AlternateKeys/>
            <Indexes/>
            <TableChecks/>
            <AdditionalSQLBefore></AdditionalSQLBefore>
            <AdditionalSQLAfter></AdditionalSQLAfter>
            <Properties/>
        </Table>
        <Table Id="t16">
            <Name>Usuario</Name>
            <Description></Description>
            <Columns>
                <Column Id="c84">
                    <Name>ID_Usuario</Name>
                    <Type>varchar(20)</Type>
                    <Description></Description>
                    <Nullable>false</Nullable>
                    <DefaultValue></DefaultValue>
                    <CheckExpression></CheckExpression>
                    <Properties/>
                </Column>
                <Column Id="c86">
                    <Name>Nombre</Name>
                    <Type>varchar(20)</Type>
                    <Description></Description>
                    <Nullable>false</Nullable>
                    <DefaultValue></DefaultValue>
                    <CheckExpression></CheckExpression>
                    <Properties/>
                </Column>
            </Columns>
            <PrimaryKey>
                <Name></Name>
                <Columns>
                    <Column>c84</Column>
                </Columns>
            </PrimaryKey>
            <AlternateKeys/>
            <Indexes/>
            <TableChecks/>
            <AdditionalSQLBefore></AdditionalSQLBefore>
            <AdditionalSQLAfter></AdditionalSQLAfter>
            <Properties/>
        </Table>
    </Tables>
    <ExternalTables/>
    <Views/>
    <MaterializedViews/>
    <References>
        <Reference Id="r1">
            <Name>Jugador_items_Jugador</Name>
            <Description></Description>
            <PKTable>t1</PKTable>
            <FKTable>t10</FKTable>
            <PKRole></PKRole>
            <FKRole></FKRole>
            <ReferenceColumns>
                <ReferenceColumn>
                    <PKColumn>c1</PKColumn>
                    <FKColumn>c40</FKColumn>
                </ReferenceColumn>
            </ReferenceColumns>
            <Cardinality>0..*</Cardinality>
            <Mandatory>false</Mandatory>
            <OnUpdateAction>None</OnUpdateAction>
            <OnDeleteAction>None</OnDeleteAction>
            <Properties/>
        </Reference>
        <Reference Id="r2">
            <Name>Jugador_items_items</Name>
            <Description></Description>
            <PKTable>t6</PKTable>
            <FKTable>t10</FKTable>
            <PKRole></PKRole>
            <FKRole></FKRole>
            <ReferenceColumns>
                <ReferenceColumn>
                    <PKColumn>c25</PKColumn>
                    <FKColumn>c41</FKColumn>
                </ReferenceColumn>
            </ReferenceColumns>
            <Cardinality>0..*</Cardinality>
            <Mandatory>false</Mandatory>
            <OnUpdateAction>None</OnUpdateAction>
            <OnDeleteAction>None</OnDeleteAction>
            <Properties/>
        </Reference>
        <Reference Id="r3">
            <Name>Lugar_Zona_enemigo_Lugar_Zona</Name>
            <Description></Description>
            <PKTable>t4</PKTable>
            <FKTable>t11</FKTable>
            <PKRole></PKRole>
            <FKRole></FKRole>
            <ReferenceColumns>
                <ReferenceColumn>
                    <PKColumn>c19</PKColumn>
                    <FKColumn>c42</FKColumn>
                </ReferenceColumn>
            </ReferenceColumns>
            <Cardinality>0..*</Cardinality>
            <Mandatory>false</Mandatory>
            <OnUpdateAction>None</OnUpdateAction>
            <OnDeleteAction>None</OnDeleteAction>
            <Properties/>
        </Reference>
        <Reference Id="r4">
            <Name>Lugar_Zona_enemigo_enemigo</Name>
            <Description></Description>
            <PKTable>t8</PKTable>
            <FKTable>t11</FKTable>
            <PKRole></PKRole>
            <FKRole></FKRole>
            <ReferenceColumns>
                <ReferenceColumn>
                    <PKColumn>c30</PKColumn>
                    <FKColumn>c43</FKColumn>
                </ReferenceColumn>
            </ReferenceColumns>
            <Cardinality>0..*</Cardinality>
            <Mandatory>false</Mandatory>
            <OnUpdateAction>None</OnUpdateAction>
            <OnDeleteAction>None</OnDeleteAction>
            <Properties/>
        </Reference>
        <Reference Id="r11">
            <Name>Personaje_Lugar_Zona</Name>
            <Description></Description>
            <PKTable>t4</PKTable>
            <FKTable>t2</FKTable>
            <PKRole></PKRole>
            <FKRole></FKRole>
            <ReferenceColumns>
                <ReferenceColumn>
                    <PKColumn>c19</PKColumn>
                    <FKColumn>c50</FKColumn>
                </ReferenceColumn>
            </ReferenceColumns>
            <Cardinality>0..*</Cardinality>
            <Mandatory>true</Mandatory>
            <OnUpdateAction>None</OnUpdateAction>
            <OnDeleteAction>None</OnDeleteAction>
            <Properties/>
        </Reference>
        <Reference Id="r21">
            <Name>Jugador_Personaje</Name>
            <Description></Description>
            <PKTable>t2</PKTable>
            <FKTable>t1</FKTable>
            <PKRole></PKRole>
            <FKRole></FKRole>
            <ReferenceColumns>
                <ReferenceColumn>
                    <PKColumn>c11</PKColumn>
                    <FKColumn>c61</FKColumn>
                </ReferenceColumn>
            </ReferenceColumns>
            <Cardinality>0..1</Cardinality>
            <Mandatory>true</Mandatory>
            <OnUpdateAction>None</OnUpdateAction>
            <OnDeleteAction>None</OnDeleteAction>
            <Properties/>
        </Reference>
        <Reference Id="r23">
            <Name>Habilidad_Personaje</Name>
            <Description></Description>
            <PKTable>t2</PKTable>
            <FKTable>t3</FKTable>
            <PKRole></PKRole>
            <FKRole></FKRole>
            <ReferenceColumns>
                <ReferenceColumn>
                    <PKColumn>c11</PKColumn>
                    <FKColumn>c70</FKColumn>
                </ReferenceColumn>
            </ReferenceColumns>
            <Cardinality>0..*</Cardinality>
            <Mandatory>true</Mandatory>
            <OnUpdateAction>None</OnUpdateAction>
            <OnDeleteAction>None</OnDeleteAction>
            <Properties/>
        </Reference>
        <Reference Id="r24">
            <Name>Hab_Estrella_Jugador</Name>
            <Description></Description>
            <PKTable>t1</PKTable>
            <FKTable>t5</FKTable>
            <PKRole></PKRole>
            <FKRole></FKRole>
            <ReferenceColumns>
                <ReferenceColumn>
                    <PKColumn>c1</PKColumn>
                    <FKColumn>c73</FKColumn>
                </ReferenceColumn>
            </ReferenceColumns>
            <Cardinality>0..*</Cardinality>
            <Mandatory>true</Mandatory>
            <OnUpdateAction>None</OnUpdateAction>
            <OnDeleteAction>None</OnDeleteAction>
            <Properties/>
        </Reference>
        <Reference Id="r25">
            <Name>Batalla_enemigo</Name>
            <Description></Description>
            <PKTable>t8</PKTable>
            <FKTable>t15</FKTable>
            <PKRole></PKRole>
            <FKRole></FKRole>
            <ReferenceColumns>
                <ReferenceColumn>
                    <PKColumn>c30</PKColumn>
                    <FKColumn>c78</FKColumn>
                </ReferenceColumn>
            </ReferenceColumns>
            <Cardinality>0..*</Cardinality>
            <Mandatory>true</Mandatory>
            <OnUpdateAction>None</OnUpdateAction>
            <OnDeleteAction>None</OnDeleteAction>
            <Properties/>
        </Reference>
        <Reference Id="r26">
            <Name>Batalla_Jugador</Name>
            <Description></Description>
            <PKTable>t1</PKTable>
            <FKTable>t15</FKTable>
            <PKRole></PKRole>
            <FKRole></FKRole>
            <ReferenceColumns>
                <ReferenceColumn>
                    <PKColumn>c1</PKColumn>
                    <FKColumn>c79</FKColumn>
                </ReferenceColumn>
            </ReferenceColumns>
            <Cardinality>0..*</Cardinality>
            <Mandatory>true</Mandatory>
            <OnUpdateAction>None</OnUpdateAction>
            <OnDeleteAction>None</OnDeleteAction>
            <Properties/>
        </Reference>
        <Reference Id="r27">
            <Name>medalla_Jugador</Name>
            <Description></Description>
            <PKTable>t1</PKTable>
            <FKTable>t7</FKTable>
            <PKRole></PKRole>
            <FKRole></FKRole>
            <ReferenceColumns>
                <ReferenceColumn>
                    <PKColumn>c1</PKColumn>
                    <FKColumn>c82</FKColumn>
                </ReferenceColumn>
            </ReferenceColumns>
            <Cardinality>0..*</Cardinality>
            <Mandatory>true</Mandatory>
            <OnUpdateAction>None</OnUpdateAction>
            <OnDeleteAction>None</OnDeleteAction>
            <Properties/>
        </Reference>
        <Reference Id="r30">
            <Name>Partida_Usuario</Name>
            <Description></Description>
            <PKTable>t16</PKTable>
            <FKTable>t13</FKTable>
            <PKRole></PKRole>
            <FKRole></FKRole>
            <ReferenceColumns>
                <ReferenceColumn>
                    <PKColumn>c84</PKColumn>
                    <FKColumn>c85</FKColumn>
                </ReferenceColumn>
            </ReferenceColumns>
            <Cardinality>0..*</Cardinality>
            <Mandatory>true</Mandatory>
            <OnUpdateAction>None</OnUpdateAction>
            <OnDeleteAction>None</OnDeleteAction>
            <Properties/>
        </Reference>
        <Reference Id="r33">
            <Name>Partida_Jugador</Name>
            <Description></Description>
            <PKTable>t1</PKTable>
            <FKTable>t13</FKTable>
            <PKRole></PKRole>
            <FKRole></FKRole>
            <ReferenceColumns>
                <ReferenceColumn>
                    <PKColumn>c1</PKColumn>
                    <FKColumn>c91</FKColumn>
                </ReferenceColumn>
            </ReferenceColumns>
            <Cardinality>1..1</Cardinality>
            <Mandatory>true</Mandatory>
            <OnUpdateAction>None</OnUpdateAction>
            <OnDeleteAction>None</OnDeleteAction>
            <Properties/>
        </Reference>
    </References>
    <Sequences/>
    <Notes/>
    <Areas/>
    <Texts/>
    <TableDisplays>
        <TableDisplay Id="td1">
            <X>8102.5</X>
            <Y>7664.5</Y>
            <Width>226.0</Width>
            <Height>202.0</Height>
            <LineColor>#000000</LineColor>
            <FillColor>#FFFFFF</FillColor>
            <Table>t1</Table>
            <FixedSize>false</FixedSize>
        </TableDisplay>
        <TableDisplay Id="td2">
            <X>8469.5</X>
            <Y>7894.5</Y>
            <Width>256.0</Width>
            <Height>102.0</Height>
            <LineColor>#000000</LineColor>
            <FillColor>#FFFFFF</FillColor>
            <Table>t2</Table>
            <FixedSize>false</FixedSize>
        </TableDisplay>
        <TableDisplay Id="td3">
            <X>8782.5</X>
            <Y>7897.5</Y>
            <Width>231.0</Width>
            <Height>102.0</Height>
            <LineColor>#000000</LineColor>
            <FillColor>#FFFFFF</FillColor>
            <Table>t3</Table>
            <FixedSize>false</FixedSize>
        </TableDisplay>
        <TableDisplay Id="td4">
            <X>8775.5</X>
            <Y>7531.5</Y>
            <Width>200.0</Width>
            <Height>87.0</Height>
            <LineColor>#000000</LineColor>
            <FillColor>#FFFFFF</FillColor>
            <Table>t4</Table>
            <FixedSize>false</FixedSize>
        </TableDisplay>
        <TableDisplay Id="td5">
            <X>8182.5</X>
            <Y>7998.5</Y>
            <Width>262.0</Width>
            <Height>87.0</Height>
            <LineColor>#000000</LineColor>
            <FillColor>#FFFFFF</FillColor>
            <Table>t5</Table>
            <FixedSize>false</FixedSize>
        </TableDisplay>
        <TableDisplay Id="td6">
            <X>7850.5</X>
            <Y>7977.5</Y>
            <Width>200.0</Width>
            <Height>59.0</Height>
            <LineColor>#000000</LineColor>
            <FillColor>#FFFFFF</FillColor>
            <Table>t6</Table>
            <FixedSize>false</FixedSize>
        </TableDisplay>
        <TableDisplay Id="td7">
            <X>8437.5</X>
            <Y>7453.5</Y>
            <Width>261.0</Width>
            <Height>102.0</Height>
            <LineColor>#000000</LineColor>
            <FillColor>#FFFFFF</FillColor>
            <Table>t7</Table>
            <FixedSize>false</FixedSize>
        </TableDisplay>
        <TableDisplay Id="td8">
            <X>8975.5</X>
            <Y>7299.5</Y>
            <Width>220.0</Width>
            <Height>174.0</Height>
            <LineColor>#000000</LineColor>
            <FillColor>#FFFFFF</FillColor>
            <Table>t8</Table>
            <FixedSize>false</FixedSize>
        </TableDisplay>
        <TableDisplay Id="td10">
            <X>7845.5</X>
            <Y>7478.5</Y>
            <Width>300.0</Width>
            <Height>97.0</Height>
            <LineColor>#000000</LineColor>
            <FillColor>#FFFFFF</FillColor>
            <Table>t10</Table>
            <FixedSize>false</FixedSize>
        </TableDisplay>
        <TableDisplay Id="td11">
            <X>8763.5</X>
            <Y>7695.5</Y>
            <Width>239.0</Width>
            <Height>137.0</Height>
            <LineColor>#000000</LineColor>
            <FillColor>#FFFFFF</FillColor>
            <Table>t11</Table>
            <FixedSize>false</FixedSize>
        </TableDisplay>
        <TableDisplay Id="td13">
            <X>7987.5</X>
            <Y>7336.5</Y>
            <Width>255.0</Width>
            <Height>102.0</Height>
            <LineColor>#000000</LineColor>
            <FillColor>#ffffff</FillColor>
            <Table>t13</Table>
            <FixedSize>false</FixedSize>
        </TableDisplay>
        <TableDisplay Id="td15">
            <X>8362.5</X>
            <Y>7268.5</Y>
            <Width>281.0</Width>
            <Height>102.0</Height>
            <LineColor>#000000</LineColor>
            <FillColor>#ffffff</FillColor>
            <Table>t15</Table>
            <FixedSize>false</FixedSize>
        </TableDisplay>
        <TableDisplay Id="td16">
            <X>8008.5</X>
            <Y>7224.5</Y>
            <Width>188.0</Width>
            <Height>73.0</Height>
            <LineColor>#000000</LineColor>
            <FillColor>#ffffff</FillColor>
            <Table>t16</Table>
            <FixedSize>false</FixedSize>
        </TableDisplay>
    </TableDisplays>
    <ExternalTableDisplays/>
    <ViewDisplays/>
    <MaterializedViewDisplays/>
    <ReferenceDisplays>
        <ReferenceDisplay Id="rd1">
            <Color>#000000</Color>
            <Type>Vertical_4CP</Type>
            <ControlPoints>
                <ControlPoint>
                    <X>8204.5</X>
                    <Y>7757.5</Y>
                </ControlPoint>
                <ControlPoint>
                    <X>8204.5</X>
                    <Y>7518.5</Y>
                </ControlPoint>
                <ControlPoint>
                    <X>7895.5</X>
                    <Y>7518.5</Y>
                </ControlPoint>
                <ControlPoint>
                    <X>7895.5</X>
                    <Y>7515.5</Y>
                </ControlPoint>
            </ControlPoints>
            <PkTableDisplay>td1</PkTableDisplay>
            <FkTableDisplay>td10</FkTableDisplay>
            <Reference>r1</Reference>
        </ReferenceDisplay>
        <ReferenceDisplay Id="rd2">
            <Color>#000000</Color>
            <Type>Vertical_4CP</Type>
            <ControlPoints>
                <ControlPoint>
                    <X>7968.5</X>
                    <Y>8007.5</Y>
                </ControlPoint>
                <ControlPoint>
                    <X>7968.5</X>
                    <Y>8034.5</Y>
                </ControlPoint>
                <ControlPoint>
                    <X>7895.5</X>
                    <Y>8034.5</Y>
                </ControlPoint>
                <ControlPoint>
                    <X>7895.5</X>
                    <Y>7515.5</Y>
                </ControlPoint>
            </ControlPoints>
            <PkTableDisplay>td6</PkTableDisplay>
            <FkTableDisplay>td10</FkTableDisplay>
            <Reference>r2</Reference>
        </ReferenceDisplay>
        <ReferenceDisplay Id="rd3">
            <Color>#000000</Color>
            <Type>Horizontal_4CP</Type>
            <ControlPoints>
                <ControlPoint>
                    <X>8875.5</X>
                    <Y>7574.5</Y>
                </ControlPoint>
                <ControlPoint>
                    <X>9120.5</X>
                    <Y>7574.5</Y>
                </ControlPoint>
                <ControlPoint>
                    <X>9120.5</X>
                    <Y>7705.5</Y>
                </ControlPoint>
                <ControlPoint>
                    <X>8992.5</X>
                    <Y>7705.5</Y>
                </ControlPoint>
            </ControlPoints>
            <PkTableDisplay>td4</PkTableDisplay>
            <FkTableDisplay>td11</FkTableDisplay>
            <Reference>r3</Reference>
        </ReferenceDisplay>
        <ReferenceDisplay Id="rd4">
            <Color>#000000</Color>
            <Type>Horizontal_4CP</Type>
            <ControlPoints>
                <ControlPoint>
                    <X>9077.5</X>
                    <Y>7448.5</Y>
                </ControlPoint>
                <ControlPoint>
                    <X>9150.5</X>
                    <Y>7448.5</Y>
                </ControlPoint>
                <ControlPoint>
                    <X>9150.5</X>
                    <Y>7731.5</Y>
                </ControlPoint>
                <ControlPoint>
                    <X>8813.5</X>
                    <Y>7731.5</Y>
                </ControlPoint>
            </ControlPoints>
            <PkTableDisplay>td8</PkTableDisplay>
            <FkTableDisplay>td11</FkTableDisplay>
            <Reference>r4</Reference>
        </ReferenceDisplay>
        <ReferenceDisplay Id="rd11">
            <Color>#000000</Color>
            <Type>Horizontal_4CP</Type>
            <ControlPoints>
                <ControlPoint>
                    <X>8792.5</X>
                    <Y>7593.5</Y>
                </ControlPoint>
                <ControlPoint>
                    <X>8621.5</X>
                    <Y>7593.5</Y>
                </ControlPoint>
                <ControlPoint>
                    <X>8621.5</X>
                    <Y>7953.5</Y>
                </ControlPoint>
                <ControlPoint>
                    <X>8645.5</X>
                    <Y>7953.5</Y>
                </ControlPoint>
            </ControlPoints>
            <PkTableDisplay>td4</PkTableDisplay>
            <FkTableDisplay>td2</FkTableDisplay>
            <Reference>r11</Reference>
        </ReferenceDisplay>
        <ReferenceDisplay Id="rd21">
            <Color>#000000</Color>
            <Type>Cross_3CP</Type>
            <ControlPoints>
                <ControlPoint>
                    <X>8518.5</X>
                    <Y>7927.5</Y>
                </ControlPoint>
                <ControlPoint>
                    <X>8518.5</X>
                    <Y>7828.5</Y>
                </ControlPoint>
                <ControlPoint>
                    <X>8305.5</X>
                    <Y>7828.5</Y>
                </ControlPoint>
            </ControlPoints>
            <PkTableDisplay>td2</PkTableDisplay>
            <FkTableDisplay>td1</FkTableDisplay>
            <Reference>r21</Reference>
        </ReferenceDisplay>
        <ReferenceDisplay Id="rd23">
            <Color>#000000</Color>
            <Type>Cross_3CP</Type>
            <ControlPoints>
                <ControlPoint>
                    <X>8700.5</X>
                    <Y>7971.5</Y>
                </ControlPoint>
                <ControlPoint>
                    <X>8865.5</X>
                    <Y>7971.5</Y>
                </ControlPoint>
                <ControlPoint>
                    <X>8865.5</X>
                    <Y>7954.5</Y>
                </ControlPoint>
            </ControlPoints>
            <PkTableDisplay>td2</PkTableDisplay>
            <FkTableDisplay>td3</FkTableDisplay>
            <Reference>r23</Reference>
        </ReferenceDisplay>
        <ReferenceDisplay Id="rd24">
            <Color>#000000</Color>
            <Type>Vertical_4CP</Type>
            <ControlPoints>
                <ControlPoint>
                    <X>8203.5</X>
                    <Y>7831.5</Y>
                </ControlPoint>
                <ControlPoint>
                    <X>8203.5</X>
                    <Y>7923.5</Y>
                </ControlPoint>
                <ControlPoint>
                    <X>8278.5</X>
                    <Y>7923.5</Y>
                </ControlPoint>
                <ControlPoint>
                    <X>8278.5</X>
                    <Y>8054.5</Y>
                </ControlPoint>
            </ControlPoints>
            <PkTableDisplay>td1</PkTableDisplay>
            <FkTableDisplay>td5</FkTableDisplay>
            <Reference>r24</Reference>
        </ReferenceDisplay>
        <ReferenceDisplay Id="rd25">
            <Color>#000000</Color>
            <Type>Horizontal_4CP</Type>
            <ControlPoints>
                <ControlPoint>
                    <X>9023.5</X>
                    <Y>7344.5</Y>
                </ControlPoint>
                <ControlPoint>
                    <X>9187.5</X>
                    <Y>7344.5</Y>
                </ControlPoint>
                <ControlPoint>
                    <X>9187.5</X>
                    <Y>7312.5</Y>
                </ControlPoint>
                <ControlPoint>
                    <X>8520.5</X>
                    <Y>7312.5</Y>
                </ControlPoint>
            </ControlPoints>
            <PkTableDisplay>td8</PkTableDisplay>
            <FkTableDisplay>td15</FkTableDisplay>
            <Reference>r25</Reference>
        </ReferenceDisplay>
        <ReferenceDisplay Id="rd26">
            <Color>#000000</Color>
            <Type>Cross_3CP</Type>
            <ControlPoints>
                <ControlPoint>
                    <X>8226.5</X>
                    <Y>7676.5</Y>
                </ControlPoint>
                <ControlPoint>
                    <X>8396.5</X>
                    <Y>7676.5</Y>
                </ControlPoint>
                <ControlPoint>
                    <X>8396.5</X>
                    <Y>7317.5</Y>
                </ControlPoint>
            </ControlPoints>
            <PkTableDisplay>td1</PkTableDisplay>
            <FkTableDisplay>td15</FkTableDisplay>
            <Reference>r26</Reference>
        </ReferenceDisplay>
        <ReferenceDisplay Id="rd27">
            <Color>#000000</Color>
            <Type>Cross_3CP</Type>
            <ControlPoints>
                <ControlPoint>
                    <X>8304.5</X>
                    <Y>7706.5</Y>
                </ControlPoint>
                <ControlPoint>
                    <X>8489.5</X>
                    <Y>7706.5</Y>
                </ControlPoint>
                <ControlPoint>
                    <X>8489.5</X>
                    <Y>7509.5</Y>
                </ControlPoint>
            </ControlPoints>
            <PkTableDisplay>td1</PkTableDisplay>
            <FkTableDisplay>td7</FkTableDisplay>
            <Reference>r27</Reference>
        </ReferenceDisplay>
        <ReferenceDisplay Id="rd30">
            <Color>#000000</Color>
            <Type>Cross_3CP</Type>
            <ControlPoints>
                <ControlPoint>
                    <X>8112.5</X>
                    <Y>7259.5</Y>
                </ControlPoint>
                <ControlPoint>
                    <X>8104.5</X>
                    <Y>7259.5</Y>
                </ControlPoint>
                <ControlPoint>
                    <X>8104.5</X>
                    <Y>7400.5</Y>
                </ControlPoint>
            </ControlPoints>
            <PkTableDisplay>td16</PkTableDisplay>
            <FkTableDisplay>td13</FkTableDisplay>
            <Reference>r30</Reference>
        </ReferenceDisplay>
        <ReferenceDisplay Id="rd33">
            <Color>#000000</Color>
            <Type>Vertical_4CP</Type>
            <ControlPoints>
                <ControlPoint>
                    <X>8255.5</X>
                    <Y>7702.5</Y>
                </ControlPoint>
                <ControlPoint>
                    <X>8255.5</X>
                    <Y>7500.5</Y>
                </ControlPoint>
                <ControlPoint>
                    <X>8197.5</X>
                    <Y>7500.5</Y>
                </ControlPoint>
                <ControlPoint>
                    <X>8197.5</X>
                    <Y>7371.5</Y>
                </ControlPoint>
            </ControlPoints>
            <PkTableDisplay>td1</PkTableDisplay>
            <FkTableDisplay>td13</FkTableDisplay>
            <Reference>r33</Reference>
        </ReferenceDisplay>
    </ReferenceDisplays>
    <Properties>
        <Property>
            <Name>pdf-printer-paper-size</Name>
            <Value>A4</Value>
        </Property>
        <Property>
            <Name>pdf-printer-margin-top</Name>
            <Value>10</Value>
        </Property>
        <Property>
            <Name>pdf-printer-margin-bottom</Name>
            <Value>10</Value>
        </Property>
        <Property>
            <Name>pdf-printer-margin-left</Name>
            <Value>10</Value>
        </Property>
        <Property>
            <Name>pdf-printer-margin-right</Name>
            <Value>10</Value>
        </Property>
        <Property>
            <Name>pdf-printer-page-orientation</Name>
            <Value>landscape</Value>
        </Property>
        <Property>
            <Name>pdf-printer-show-pages</Name>
            <Value>false</Value>
        </Property>
        <Property>
            <Name>pdf-printer-include-footer</Name>
            <Value>true</Value>
        </Property>
        <Property>
            <Name>reference-notation</Name>
            <Value>crows-foot</Value>
        </Property>
        <Property>
            <Name>show-only-pk-fk</Name>
            <Value>false</Value>
        </Property>
        <Property>
            <Name>pages-line-color</Name>
            <Value>#CC0000</Value>
        </Property>
        <Property>
            <Name>show-grid</Name>
            <Value>false</Value>
        </Property>
        <Property>
            <Name>grid-color</Name>
            <Value>#D9D9D9</Value>
        </Property>
        <Property>
            <Name>grid-style</Name>
            <Value>solid</Value>
        </Property>
        <Property>
            <Name>grid-spacing</Name>
            <Value>2</Value>
        </Property>
        <Property>
            <Name>grid-spacing-units</Name>
            <Value>cm</Value>
        </Property>
        <Property>
            <Name>grid-subdivisions</Name>
            <Value>1</Value>
        </Property>
    </Properties>
    <DefaultAdditionalProperties>
        <Types>
            <Name>table</Name>
            <Properties/>
        </Types>
        <Types>
            <Name>column</Name>
            <Properties/>
        </Types>
        <Types>
            <Name>alternate_key</Name>
            <Properties/>
        </Types>
        <Types>
            <Name>index</Name>
            <Properties/>
        </Types>
        <Types>
            <Name>table_check</Name>
            <Properties/>
        </Types>
        <Types>
            <Name>trigger</Name>
            <Properties/>
        </Types>
        <Types>
            <Name>reference</Name>
            <Properties/>
        </Types>
        <Types>
            <Name>view</Name>
            <Properties/>
        </Types>
        <Types>
            <Name>sequence</Name>
            <Properties/>
        </Types>
        <Types>
            <Name>procedure</Name>
            <Properties/>
        </Types>
        <Types>
            <Name>all</Name>
            <Properties/>
        </Types>
        <Types>
            <Name>view_column</Name>
            <Properties/>
        </Types>
        <Types>
            <Name>primary_key</Name>
            <Properties/>
        </Types>
        <Types>
            <Name>materialized_view</Name>
            <Properties/>
        </Types>
        <Types>
            <Name>materialized_view_column</Name>
            <Properties/>
        </Types>
        <Types>
            <Name>external_table</Name>
            <Properties/>
        </Types>
        <Types>
            <Name>external_table_column</Name>
            <Properties/>
        </Types>
    </DefaultAdditionalProperties>
</DatabaseModel>
