<?xml version="1.0" encoding="UTF-8" standalone="yes"?>
<DatabaseLogicalModel VersionId="1.0">
    <Description></Description>
    <Counter Value="82"/>
    <Properties>
        <Property>
            <Name>pdf-printer-paper-size</Name>
            <Value>A4</Value>
        </Property>
        <Property>
            <Name>pdf-printer-margin-top</Name>
            <Value>10</Value>
        </Property>
        <Property>
            <Name>pdf-printer-margin-bottom</Name>
            <Value>10</Value>
        </Property>
        <Property>
            <Name>pdf-printer-margin-left</Name>
            <Value>10</Value>
        </Property>
        <Property>
            <Name>pdf-printer-margin-right</Name>
            <Value>10</Value>
        </Property>
        <Property>
            <Name>pdf-printer-page-orientation</Name>
            <Value>landscape</Value>
        </Property>
        <Property>
            <Name>pdf-printer-show-pages</Name>
            <Value>false</Value>
        </Property>
        <Property>
            <Name>pdf-printer-include-footer</Name>
            <Value>true</Value>
        </Property>
        <Property>
            <Name>reference-notation</Name>
            <Value>crows-foot</Value>
        </Property>
        <Property>
            <Name>show-only-pk-fk</Name>
            <Value>false</Value>
        </Property>
        <Property>
            <Name>pages-line-color</Name>
            <Value>#CC0000</Value>
        </Property>
        <Property>
            <Name>show-grid</Name>
            <Value>false</Value>
        </Property>
        <Property>
            <Name>grid-color</Name>
            <Value>#D9D9D9</Value>
        </Property>
        <Property>
            <Name>grid-style</Name>
            <Value>solid</Value>
        </Property>
        <Property>
            <Name>grid-spacing</Name>
            <Value>2</Value>
        </Property>
        <Property>
            <Name>grid-spacing-units</Name>
            <Value>cm</Value>
        </Property>
        <Property>
            <Name>grid-subdivisions</Name>
            <Value>1</Value>
        </Property>
    </Properties>
    <Entities>
        <Entity Id="entity_0">
            <Name>Jugador (Mario)</Name>
            <Description></Description>
            <PrimaryIdentifier>
                <Name>entity_1_PI</Name>
                <Attributes>
                    <Attribute>attribute_2</Attribute>
                </Attributes>
            </PrimaryIdentifier>
            <EntityIdentifiers/>
            <Attributes>
                <Attribute Id="attribute_2">
                    <Name>ID_Jugador</Name>
                    <Datatype>Integer</Datatype>
                    <Mandatory>true</Mandatory>
                    <Comment></Comment>
                </Attribute>
                <Attribute Id="attribute_3">
                    <Name>Puntos_corazon</Name>
                    <Datatype>Integer</Datatype>
                    <Mandatory>true</Mandatory>
                    <Comment></Comment>
                </Attribute>
                <Attribute Id="attribute_4">
                    <Name>Puntos_flor</Name>
                    <Datatype>Integer</Datatype>
                    <Mandatory>true</Mandatory>
                    <Comment></Comment>
                </Attribute>
                <Attribute Id="attribute_5">
                    <Name>Monedas</Name>
                    <Datatype>Integer</Datatype>
                    <Mandatory>true</Mandatory>
                    <Comment></Comment>
                </Attribute>
                <Attribute Id="attribute_6">
                    <Name>Personaje_activo</Name>
                    <Datatype>Varchar(20)</Datatype>
                    <Mandatory>true</Mandatory>
                    <Comment></Comment>
                </Attribute>
                <Attribute Id="attribute_7">
                    <Name>PM</Name>
                    <Datatype>Integer</Datatype>
                    <Mandatory>true</Mandatory>
                    <Comment></Comment>
                </Attribute>
                <Attribute Id="attribute_8">
                    <Name>Estado</Name>
                    <Datatype>Integer</Datatype>
                    <Mandatory>true</Mandatory>
                    <Comment></Comment>
                </Attribute>
                <Attribute Id="attribute_9">
                    <Name>PE</Name>
                    <Datatype>Integer</Datatype>
                    <Mandatory>true</Mandatory>
                    <Comment></Comment>
                </Attribute>
                <Attribute Id="attribute_10">
                    <Name>Hab. Estrella</Name>
                    <Datatype>Integer</Datatype>
                    <Mandatory>true</Mandatory>
                    <Comment></Comment>
                </Attribute>
                <Attribute Id="attribute_11">
                    <Name>Items</Name>
                    <Datatype>Varchar(20)</Datatype>
                    <Mandatory>true</Mandatory>
                    <Comment></Comment>
                </Attribute>
            </Attributes>
            <InheritanceDetails>
                <ExclusiveChildren>false</ExclusiveChildren>
                <Complete>false</Complete>
                <GenerationStrategy>OneTablePerWholeHierarchy</GenerationStrategy>
                <DiscriminatorName></DiscriminatorName>
                <DiscriminatorType>Integer</DiscriminatorType>
            </InheritanceDetails>
        </Entity>
        <Entity Id="entity_12">
            <Name>Personaje</Name>
            <Description></Description>
            <PrimaryIdentifier>
                <Name>Personaje_PI</Name>
                <Attributes>
                    <Attribute>attribute_14</Attribute>
                </Attributes>
            </PrimaryIdentifier>
            <EntityIdentifiers/>
            <Attributes>
                <Attribute Id="attribute_14">
                    <Name>Nombre</Name>
                    <Datatype>Varchar(20)</Datatype>
                    <Mandatory>true</Mandatory>
                    <Comment></Comment>
                </Attribute>
                <Attribute Id="attribute_15">
                    <Name>Procedencia</Name>
                    <Datatype>Varchar(20)</Datatype>
                    <Mandatory>true</Mandatory>
                    <Comment></Comment>
                </Attribute>
                <Attribute Id="attribute_16">
                    <Name>PC</Name>
                    <Datatype>Integer</Datatype>
                    <Mandatory>true</Mandatory>
                    <Comment></Comment>
                </Attribute>
                <Attribute Id="attribute_17">
                    <Name>PF</Name>
                    <Datatype>Integer</Datatype>
                    <Mandatory>true</Mandatory>
                    <Comment></Comment>
                </Attribute>
            </Attributes>
            <InheritanceDetails>
                <ExclusiveChildren>false</ExclusiveChildren>
                <Complete>false</Complete>
                <GenerationStrategy>OneTablePerWholeHierarchy</GenerationStrategy>
                <DiscriminatorName></DiscriminatorName>
                <DiscriminatorType>Integer</DiscriminatorType>
            </InheritanceDetails>
        </Entity>
        <Entity Id="entity_20">
            <Name>Habilidad</Name>
            <Description></Description>
            <PrimaryIdentifier>
                <Name>Habilidad_PI</Name>
                <Attributes>
                    <Attribute>attribute_22</Attribute>
                </Attributes>
            </PrimaryIdentifier>
            <EntityIdentifiers/>
            <Attributes>
                <Attribute Id="attribute_22">
                    <Name>nombre</Name>
                    <Datatype>Varchar(20)</Datatype>
                    <Mandatory>true</Mandatory>
                    <Comment></Comment>
                </Attribute>
                <Attribute Id="attribute_23">
                    <Name>Coste(PF)</Name>
                    <Datatype>Integer</Datatype>
                    <Mandatory>true</Mandatory>
                    <Comment></Comment>
                </Attribute>
                <Attribute Id="attribute_24">
                    <Name>Indice_ataque</Name>
                    <Datatype>Integer</Datatype>
                    <Mandatory>true</Mandatory>
                    <Comment></Comment>
                </Attribute>
                <Attribute Id="attribute_25">
                    <Name>Indice_defensa</Name>
                    <Datatype>Integer</Datatype>
                    <Mandatory>true</Mandatory>
                    <Comment></Comment>
                </Attribute>
            </Attributes>
            <InheritanceDetails>
                <ExclusiveChildren>false</ExclusiveChildren>
                <Complete>false</Complete>
                <GenerationStrategy>OneTablePerWholeHierarchy</GenerationStrategy>
                <DiscriminatorName></DiscriminatorName>
                <DiscriminatorType>Integer</DiscriminatorType>
            </InheritanceDetails>
        </Entity>
        <Entity Id="entity_26">
            <Name>Lugar/Zona</Name>
            <Description></Description>
            <PrimaryIdentifier>
                <Name>Lugar/Zona_PI</Name>
                <Attributes>
                    <Attribute>attribute_28</Attribute>
                </Attributes>
            </PrimaryIdentifier>
            <EntityIdentifiers/>
            <Attributes>
                <Attribute Id="attribute_28">
                    <Name>Nombre</Name>
                    <Datatype>Varchar(20)</Datatype>
                    <Mandatory>true</Mandatory>
                    <Comment></Comment>
                </Attribute>
                <Attribute Id="attribute_29">
                    <Name>NPCs</Name>
                    <Datatype>Integer</Datatype>
                    <Mandatory>true</Mandatory>
                    <Comment></Comment>
                </Attribute>
                <Attribute Id="attribute_30">
                    <Name>Enemigos</Name>
                    <Datatype>Integer</Datatype>
                    <Mandatory>true</Mandatory>
                    <Comment></Comment>
                </Attribute>
            </Attributes>
            <InheritanceDetails>
                <ExclusiveChildren>false</ExclusiveChildren>
                <Complete>false</Complete>
                <GenerationStrategy>OneTablePerWholeHierarchy</GenerationStrategy>
                <DiscriminatorName></DiscriminatorName>
                <DiscriminatorType>Integer</DiscriminatorType>
            </InheritanceDetails>
        </Entity>
        <Entity Id="entity_31">
            <Name>Hab. Estrella</Name>
            <Description></Description>
            <PrimaryIdentifier>
                <Name>Hab. Estrella_PI</Name>
                <Attributes>
                    <Attribute>attribute_33</Attribute>
                </Attributes>
            </PrimaryIdentifier>
            <EntityIdentifiers/>
            <Attributes>
                <Attribute Id="attribute_33">
                    <Name>Nombre</Name>
                    <Datatype>Varchar(20)</Datatype>
                    <Mandatory>true</Mandatory>
                    <Comment></Comment>
                </Attribute>
                <Attribute Id="attribute_35">
                    <Name>Coste(PE)</Name>
                    <Datatype>Integer</Datatype>
                    <Mandatory>true</Mandatory>
                    <Comment></Comment>
                </Attribute>
                <Attribute Id="attribute_80">
                    <Name>Descripcion</Name>
                    <Datatype>Varchar(100)</Datatype>
                    <Mandatory>true</Mandatory>
                    <Comment></Comment>
                </Attribute>
            </Attributes>
            <InheritanceDetails>
                <ExclusiveChildren>false</ExclusiveChildren>
                <Complete>false</Complete>
                <GenerationStrategy>OneTablePerWholeHierarchy</GenerationStrategy>
                <DiscriminatorName></DiscriminatorName>
                <DiscriminatorType>Integer</DiscriminatorType>
            </InheritanceDetails>
        </Entity>
        <Entity Id="entity_38">
            <Name>items</Name>
            <Description></Description>
            <PrimaryIdentifier>
                <Name>entity_1_PI</Name>
                <Attributes>
                    <Attribute>attribute_40</Attribute>
                </Attributes>
            </PrimaryIdentifier>
            <EntityIdentifiers/>
            <Attributes>
                <Attribute Id="attribute_40">
                    <Name>Nombre</Name>
                    <Datatype>Varchar(20)</Datatype>
                    <Mandatory>true</Mandatory>
                    <Comment></Comment>
                </Attribute>
            </Attributes>
            <InheritanceDetails>
                <ExclusiveChildren>false</ExclusiveChildren>
                <Complete>false</Complete>
                <GenerationStrategy>OneTablePerWholeHierarchy</GenerationStrategy>
                <DiscriminatorName></DiscriminatorName>
                <DiscriminatorType>Integer</DiscriminatorType>
            </InheritanceDetails>
        </Entity>
        <Entity Id="entity_41">
            <Name>medalla</Name>
            <Description></Description>
            <PrimaryIdentifier>
                <Name>entity_1_PI</Name>
                <Attributes>
                    <Attribute>attribute_43</Attribute>
                </Attributes>
            </PrimaryIdentifier>
            <EntityIdentifiers/>
            <Attributes>
                <Attribute Id="attribute_43">
                    <Name>Nombre</Name>
                    <Datatype>Varchar(20)</Datatype>
                    <Mandatory>true</Mandatory>
                    <Comment></Comment>
                </Attribute>
                <Attribute Id="attribute_44">
                    <Name>Coste (PM)</Name>
                    <Datatype>Integer</Datatype>
                    <Mandatory>true</Mandatory>
                    <Comment></Comment>
                </Attribute>
                <Attribute Id="attribute_45">
                    <Name>Atributos</Name>
                    <Datatype>Integer</Datatype>
                    <Mandatory>true</Mandatory>
                    <Comment></Comment>
                </Attribute>
                <Attribute Id="attribute_81">
                    <Name>Descripcion</Name>
                    <Datatype>Varchar(20)</Datatype>
                    <Mandatory>true</Mandatory>
                    <Comment></Comment>
                </Attribute>
            </Attributes>
            <InheritanceDetails>
                <ExclusiveChildren>false</ExclusiveChildren>
                <Complete>false</Complete>
                <GenerationStrategy>OneTablePerWholeHierarchy</GenerationStrategy>
                <DiscriminatorName></DiscriminatorName>
                <DiscriminatorType>Integer</DiscriminatorType>
            </InheritanceDetails>
        </Entity>
        <Entity Id="entity_46">
            <Name>enemigo</Name>
            <Description></Description>
            <PrimaryIdentifier>
                <Name>entity_1_PI</Name>
                <Attributes>
                    <Attribute>attribute_48</Attribute>
                </Attributes>
            </PrimaryIdentifier>
            <EntityIdentifiers/>
            <Attributes>
                <Attribute Id="attribute_48">
                    <Name>ID_Enemigo</Name>
                    <Datatype>Integer</Datatype>
                    <Mandatory>true</Mandatory>
                    <Comment></Comment>
                </Attribute>
                <Attribute Id="attribute_49">
                    <Name>Nombre</Name>
                    <Datatype>Varchar(20)</Datatype>
                    <Mandatory>true</Mandatory>
                    <Comment></Comment>
                </Attribute>
                <Attribute Id="attribute_50">
                    <Name>Region (zona)</Name>
                    <Datatype>Varchar(20)</Datatype>
                    <Mandatory>true</Mandatory>
                    <Comment></Comment>
                </Attribute>
                <Attribute Id="attribute_51">
                    <Name>Puntos_ataque</Name>
                    <Datatype>Integer</Datatype>
                    <Mandatory>true</Mandatory>
                    <Comment></Comment>
                </Attribute>
                <Attribute Id="attribute_52">
                    <Name>Puntos_defensa</Name>
                    <Datatype>Integer</Datatype>
                    <Mandatory>true</Mandatory>
                    <Comment></Comment>
                </Attribute>
                <Attribute Id="attribute_53">
                    <Name>Vida (PC)</Name>
                    <Datatype>Integer</Datatype>
                    <Mandatory>true</Mandatory>
                    <Comment></Comment>
                </Attribute>
                <Attribute Id="attribute_54">
                    <Name>Vuela</Name>
                    <Datatype>Boolean</Datatype>
                    <Mandatory>true</Mandatory>
                    <Comment></Comment>
                </Attribute>
                <Attribute Id="attribute_55">
                    <Name>Tiene_pincho</Name>
                    <Datatype>Boolean</Datatype>
                    <Mandatory>true</Mandatory>
                    <Comment></Comment>
                </Attribute>
                <Attribute Id="attribute_56">
                    <Name>Tiene_caparazon</Name>
                    <Datatype>Boolean</Datatype>
                    <Mandatory>true</Mandatory>
                    <Comment></Comment>
                </Attribute>
            </Attributes>
            <InheritanceDetails>
                <ExclusiveChildren>false</ExclusiveChildren>
                <Complete>false</Complete>
                <GenerationStrategy>OneTablePerWholeHierarchy</GenerationStrategy>
                <DiscriminatorName></DiscriminatorName>
                <DiscriminatorType>Integer</DiscriminatorType>
            </InheritanceDetails>
        </Entity>
        <Entity Id="entity_69">
            <Name>Atributos_Hab.Estrella</Name>
            <Description></Description>
            <EntityIdentifiers/>
            <Attributes>
                <Attribute Id="attribute_79">
                    <Name>Numero_habilidad_estrella</Name>
                    <Datatype>Integer</Datatype>
                    <Mandatory>true</Mandatory>
                    <Comment></Comment>
                </Attribute>
            </Attributes>
            <InheritanceDetails>
                <ExclusiveChildren>false</ExclusiveChildren>
                <Complete>false</Complete>
                <GenerationStrategy>OneTablePerWholeHierarchy</GenerationStrategy>
                <DiscriminatorName></DiscriminatorName>
                <DiscriminatorType>Integer</DiscriminatorType>
            </InheritanceDetails>
        </Entity>
    </Entities>
    <Associations/>
    <Inheritances/>
    <EntityRelationships>
        <EntityRelationship Id="reference_65">
            <Name>items_Jugador (Mario)</Name>
            <Comment></Comment>
            <Cardinality>*..*</Cardinality>
            <Entity_1>entity_0</Entity_1>
            <Entity_2>entity_38</Entity_2>
            <Entity_1_Role></Entity_1_Role>
            <Entity_2_Role></Entity_2_Role>
            <Entity_1_Dependant>false</Entity_1_Dependant>
            <Entity_2_Dependant>false</Entity_2_Dependant>
            <Entity_1_Mandatory>false</Entity_1_Mandatory>
            <Entity_2_Mandatory>false</Entity_2_Mandatory>
        </EntityRelationship>
        <EntityRelationship Id="reference_67">
            <Name>enemigo_Lugar/Zona</Name>
            <Comment></Comment>
            <Cardinality>*..*</Cardinality>
            <Entity_1>entity_26</Entity_1>
            <Entity_2>entity_46</Entity_2>
            <Entity_1_Role></Entity_1_Role>
            <Entity_2_Role></Entity_2_Role>
            <Entity_1_Dependant>false</Entity_1_Dependant>
            <Entity_2_Dependant>false</Entity_2_Dependant>
            <Entity_1_Mandatory>false</Entity_1_Mandatory>
            <Entity_2_Mandatory>false</Entity_2_Mandatory>
        </EntityRelationship>
    </EntityRelationships>
    <AssociationRelationships/>
    <Notes/>
    <Areas/>
    <EntityDisplays>
        <EntityDisplay Id="entityDisplay_1">
            <X>8045.5</X>
            <Y>7354.5</Y>
            <Width>203.0</Width>
            <Height>174.0</Height>
            <LineColor>#000000</LineColor>
            <FillColor>#FFFFFF</FillColor>
            <Entity>entity_0</Entity>
            <FixedSize>false</FixedSize>
        </EntityDisplay>
        <EntityDisplay Id="entityDisplay_13">
            <X>8327.5</X>
            <Y>7199.5</Y>
            <Width>256.0</Width>
            <Height>113.0</Height>
            <LineColor>#000000</LineColor>
            <FillColor>#FFFFFF</FillColor>
            <Entity>entity_12</Entity>
            <FixedSize>false</FixedSize>
        </EntityDisplay>
        <EntityDisplay Id="entityDisplay_21">
            <X>8442.5</X>
            <Y>7397.5</Y>
            <Width>200.0</Width>
            <Height>87.0</Height>
            <LineColor>#000000</LineColor>
            <FillColor>#FFFFFF</FillColor>
            <Entity>entity_20</Entity>
            <FixedSize>false</FixedSize>
        </EntityDisplay>
        <EntityDisplay Id="entityDisplay_27">
            <X>8641.5</X>
            <Y>7166.5</Y>
            <Width>200.0</Width>
            <Height>73.0</Height>
            <LineColor>#000000</LineColor>
            <FillColor>#FFFFFF</FillColor>
            <Entity>entity_26</Entity>
            <FixedSize>false</FixedSize>
        </EntityDisplay>
        <EntityDisplay Id="entityDisplay_32">
            <X>8638.5</X>
            <Y>7609.5</Y>
            <Width>200.0</Width>
            <Height>73.0</Height>
            <LineColor>#000000</LineColor>
            <FillColor>#FFFFFF</FillColor>
            <Entity>entity_31</Entity>
            <FixedSize>false</FixedSize>
        </EntityDisplay>
        <EntityDisplay Id="entityDisplay_39">
            <X>8096.5</X>
            <Y>7754.5</Y>
            <Width>200.0</Width>
            <Height>60.0</Height>
            <LineColor>#000000</LineColor>
            <FillColor>#FFFFFF</FillColor>
            <Entity>entity_38</Entity>
            <FixedSize>false</FixedSize>
        </EntityDisplay>
        <EntityDisplay Id="entityDisplay_42">
            <X>8335.5</X>
            <Y>7559.5</Y>
            <Width>200.0</Width>
            <Height>87.0</Height>
            <LineColor>#000000</LineColor>
            <FillColor>#FFFFFF</FillColor>
            <Entity>entity_41</Entity>
            <FixedSize>false</FixedSize>
        </EntityDisplay>
        <EntityDisplay Id="entityDisplay_47">
            <X>8964.5</X>
            <Y>7346.5</Y>
            <Width>203.0</Width>
            <Height>159.0</Height>
            <LineColor>#000000</LineColor>
            <FillColor>#FFFFFF</FillColor>
            <Entity>entity_46</Entity>
            <FixedSize>false</FixedSize>
        </EntityDisplay>
        <EntityDisplay Id="entityDisplay_70">
            <X>8912.5</X>
            <Y>7655.5</Y>
            <Width>264.0</Width>
            <Height>69.0</Height>
            <LineColor>#000000</LineColor>
            <FillColor>#FFFFFF</FillColor>
            <Entity>entity_69</Entity>
            <FixedSize>false</FixedSize>
        </EntityDisplay>
    </EntityDisplays>
    <AssociationDisplays/>
    <InheritanceDisplays/>
    <EntityRelationshipsDisplays>
        <EntityRelationshipDisplay Id="referenceDisplay_66">
            <Color>#000000</Color>
            <Type>Cross_3CP</Type>
            <ControlPoints>
                <ControlPoint>
                    <X>8136.5</X>
                    <Y>7511.5</Y>
                </ControlPoint>
                <ControlPoint>
                    <X>8136.5</X>
                    <Y>7804.5</Y>
                </ControlPoint>
                <ControlPoint>
                    <X>8117.5</X>
                    <Y>7804.5</Y>
                </ControlPoint>
            </ControlPoints>
            <Entity_1_Display>entityDisplay_1</Entity_1_Display>
            <Entity_2_Display>entityDisplay_39</Entity_2_Display>
            <Reference>reference_65</Reference>
        </EntityRelationshipDisplay>
        <EntityRelationshipDisplay Id="referenceDisplay_68">
            <Color>#000000</Color>
            <Type>Cross_3CP</Type>
            <ControlPoints>
                <ControlPoint>
                    <X>8828.5</X>
                    <Y>7200.5</Y>
                </ControlPoint>
                <ControlPoint>
                    <X>8980.5</X>
                    <Y>7200.5</Y>
                </ControlPoint>
                <ControlPoint>
                    <X>8980.5</X>
                    <Y>7366.5</Y>
                </ControlPoint>
            </ControlPoints>
            <Entity_1_Display>entityDisplay_27</Entity_1_Display>
            <Entity_2_Display>entityDisplay_47</Entity_2_Display>
            <Reference>reference_67</Reference>
        </EntityRelationshipDisplay>
    </EntityRelationshipsDisplays>
    <AssociationRelationshipsDisplays/>
    <NoteDisplays/>
    <AreaDisplays/>
</DatabaseLogicalModel>
